id,species,latitude,longitude,year
SHK01,Tiburón blanco,-33.52445454021392,150.8317083505521,2013
SHK01,Tiburón blanco,-34.406296453037946,149.07454153719493,2013
SHK01,Tiburón blanco,-32.59293026280722,150.076113223297,2013
SHK01,Tiburón blanco,-34.64161746424956,149.85123853773007,2013
SHK01,Tiburón blanco,-34.635560771127075,148.84294874057383,2013
SHK01,Tiburón blanco,-33.93018080674858,147.39539824948633,2013
SHK01,Tiburón blanco,-35.89706091082765,148.74639096490313,2013
SHK01,Tiburón blanco,-35.18497419864904,149.62292582673933,2013
SHK01,Tiburón blanco,-35.08016715383582,147.89637479280879,2013
SHK01,Tiburón blanco,-32.70649430939306,149.08290219365756,2013
SHK01,Tiburón blanco,-34.10461487362669,147.88393030793065,2013
SHK01,Tiburón blanco,-34.7165258028398,149.419601083854,2013
SHK01,Tiburón blanco,-35.32313665573692,149.68437651248973,2013
SHK01,Tiburón blanco,-34.772781768233415,149.0169847443508,2013
SHK01,Tiburón blanco,-34.77384969054401,151.16095667865306,2013
SHK01,Tiburón blanco,-34.185640303052544,148.25096756518815,2013
SHK01,Tiburón blanco,-33.34959816621142,148.08783484417307,2013
SHK01,Tiburón blanco,-33.963279483309854,147.3490083702643,2013
SHK01,Tiburón blanco,-35.50032912721304,149.5055397300132,2013
SHK01,Tiburón blanco,-33.4336764983192,149.48004677533407,2013
SHK01,Tiburón blanco,-35.84341220599577,147.08331580780293,2014
SHK01,Tiburón blanco,-34.82552898658813,148.8602822424166,2014
SHK01,Tiburón blanco,-34.02127192605988,146.04011986083492,2014
SHK01,Tiburón blanco,-34.04080624623355,147.4180777357813,2014
SHK01,Tiburón blanco,-35.0418122159343,148.41483630503853,2014
SHK01,Tiburón blanco,-33.33389069313239,148.73444013531383,2014
SHK01,Tiburón blanco,-35.20410773885098,147.4939476403464,2014
SHK01,Tiburón blanco,-34.03362678422478,148.77870514332,2014
SHK01,Tiburón blanco,-34.844064453473635,147.6175010395338,2014
SHK01,Tiburón blanco,-35.47122518963437,146.60695339211696,2014
SHK01,Tiburón blanco,-33.55236439323414,149.15940004476846,2014
SHK01,Tiburón blanco,-34.43690033720868,148.8066929140897,2014
SHK01,Tiburón blanco,-34.003254190580705,147.15804026159253,2014
SHK01,Tiburón blanco,-34.00349461011993,149.3411965826636,2014
SHK01,Tiburón blanco,-34.40071625473829,149.36780367201163,2014
SHK01,Tiburón blanco,-36.98463531971809,148.6250625205729,2014
SHK01,Tiburón blanco,-34.27784314739017,147.5041526657318,2014
SHK01,Tiburón blanco,-34.27312943909284,145.81559110159674,2014
SHK01,Tiburón blanco,-34.584562103465856,148.16027258770941,2014
SHK01,Tiburón blanco,-32.886996170886825,147.284889797924,2014
SHK01,Tiburón blanco,-34.79697743608158,145.62312590793465,2015
SHK01,Tiburón blanco,-36.242139757550696,145.8076422313883,2015
SHK01,Tiburón blanco,-35.61530200443561,146.2630197888078,2015
SHK01,Tiburón blanco,-36.41443264766101,144.9667126516772,2015
SHK01,Tiburón blanco,-36.10448770691581,143.83085985014282,2015
SHK01,Tiburón blanco,-35.41625927671908,145.55543007045486,2015
SHK01,Tiburón blanco,-35.70726609714119,145.05978766489977,2015
SHK01,Tiburón blanco,-37.12775029583407,144.8737294755096,2015
SHK01,Tiburón blanco,-36.055094070310425,144.49209752905335,2015
SHK01,Tiburón blanco,-35.87366526544967,145.69842565508952,2015
SHK01,Tiburón blanco,-33.826193652573124,145.46895261110683,2015
SHK01,Tiburón blanco,-35.45482916306089,145.21992888250878,2015
SHK01,Tiburón blanco,-37.631150769082694,145.26786092282578,2015
SHK01,Tiburón blanco,-35.65214934384263,147.75761691076025,2015
SHK01,Tiburón blanco,-35.90474051856478,145.59592214060854,2015
SHK01,Tiburón blanco,-35.7470913234889,144.1256967606554,2015
SHK01,Tiburón blanco,-34.569556739268634,146.04630783096172,2015
SHK01,Tiburón blanco,-34.92134760674061,144.38498734348025,2015
SHK01,Tiburón blanco,-34.309585242847554,143.89252373548265,2015
SHK01,Tiburón blanco,-35.12552245998339,147.48483042408498,2015
SHK01,Tiburón blanco,-37.26362206391383,141.95941049614493,2016
SHK01,Tiburón blanco,-38.9139368600676,142.53144912506713,2016
SHK01,Tiburón blanco,-38.42557714272757,142.93647858089628,2016
SHK01,Tiburón blanco,-38.28269766323527,144.01282055527867,2016
SHK01,Tiburón blanco,-38.1465267213377,142.14082463405543,2016
SHK01,Tiburón blanco,-36.549756211631795,141.23202183382716,2016
SHK01,Tiburón blanco,-37.13581349439734,143.77002890454355,2016
SHK01,Tiburón blanco,-38.970756663562696,142.64752000879344,2016
SHK01,Tiburón blanco,-37.10339063475304,143.24470902203842,2016
SHK01,Tiburón blanco,-38.60022413987955,141.14242953717684,2016
SHK01,Tiburón blanco,-36.84133186338457,142.75987082349434,2016
SHK01,Tiburón blanco,-37.11278057865559,142.80933435975805,2016
SHK01,Tiburón blanco,-38.04329815057996,142.69513984742213,2016
SHK01,Tiburón blanco,-37.07020095570279,141.74853473223476,2016
SHK01,Tiburón blanco,-35.49749891785671,142.9367190711729,2016
SHK01,Tiburón blanco,-38.55457692620411,143.11943975889494,2016
SHK01,Tiburón blanco,-38.337955099228786,143.24997075400358,2016
SHK01,Tiburón blanco,-36.20467784999406,141.6422038319094,2016
SHK01,Tiburón blanco,-36.39989729975714,142.8756670771976,2016
SHK01,Tiburón blanco,-36.541213269006974,144.35967913291506,2016
SHK01,Tiburón blanco,-38.661768051965105,137.87839504350825,2017
SHK01,Tiburón blanco,-37.849355331753685,139.0353573032903,2017
SHK01,Tiburón blanco,-37.495562823009564,139.5213885775097,2017
SHK01,Tiburón blanco,-37.75925173046168,140.147739405631,2017
SHK01,Tiburón blanco,-38.03691045557754,141.41437449506327,2017
SHK01,Tiburón blanco,-37.146586274574574,137.83704777205742,2017
SHK01,Tiburón blanco,-38.8431461204007,139.17667774371682,2017
SHK01,Tiburón blanco,-37.995716407665434,139.40820582256572,2017
SHK01,Tiburón blanco,-37.29901599776604,138.62137641581683,2017
SHK01,Tiburón blanco,-38.61904734040799,137.17935810378776,2017
SHK01,Tiburón blanco,-38.2187685744066,139.55060412279715,2017
SHK01,Tiburón blanco,-37.55815987820938,137.44846654976163,2017
SHK01,Tiburón blanco,-37.5990726964884,139.0795227082025,2017
SHK01,Tiburón blanco,-38.656111058540716,138.8479304344192,2017
SHK01,Tiburón blanco,-37.71404490389359,137.55123503064306,2017
SHK01,Tiburón blanco,-37.4144662619913,139.25498985484188,2017
SHK01,Tiburón blanco,-36.68920237916431,139.74800738050857,2017
SHK01,Tiburón blanco,-39.14992299029667,137.75638028855855,2017
SHK01,Tiburón blanco,-37.257218355130924,139.20799127938585,2017
SHK01,Tiburón blanco,-37.257205936033536,142.5469368191284,2017
SHK02,Tiburón azul,31.905485947981816,-123.67078054779121,2013
SHK02,Tiburón azul,30.63621493984827,-123.56320257860374,2013
SHK02,Tiburón azul,30.17865896995104,-124.55899040583702,2013
SHK02,Tiburón azul,30.46612063665951,-124.24029765971068,2013
SHK02,Tiburón azul,33.26614275116212,-126.18943699168875,2013
SHK02,Tiburón azul,31.63774437486313,-125.93488767028666,2013
SHK02,Tiburón azul,30.47955231869918,-123.23322120212964,2013
SHK02,Tiburón azul,31.015764203584077,-125.39991657702632,2013
SHK02,Tiburón azul,30.236180475228647,-123.64257405016232,2013
SHK02,Tiburón azul,30.221117552771478,-124.10571320951503,2013
SHK02,Tiburón azul,30.99705602439243,-124.97377214670283,2013
SHK02,Tiburón azul,33.09542827381394,-123.688252776779,2013
SHK02,Tiburón azul,28.926341597831005,-124.13571748432759,2013
SHK02,Tiburón azul,30.289697719720227,-123.46973846430079,2013
SHK02,Tiburón azul,30.158963446055914,-124.43690824056391,2013
SHK02,Tiburón azul,31.45647146346907,-123.45641660492689,2013
SHK02,Tiburón azul,29.751187777432836,-124.65667303493795,2013
SHK02,Tiburón azul,30.47653887332766,-124.97550103167072,2013
SHK02,Tiburón azul,32.71693842476971,-123.91719008813605,2013
SHK02,Tiburón azul,29.690600230153567,-123.40430985204223,2013
SHK02,Tiburón azul,32.969041213555656,-119.64407956920753,2014
SHK02,Tiburón azul,35.755322328696295,-119.86751496196005,2014
SHK02,Tiburón azul,34.932230607655896,-118.38521144291194,2014
SHK02,Tiburón azul,33.56148070793159,-119.21937085240307,2014
SHK02,Tiburón azul,31.247143839440596,-120.18423313767556,2014
SHK02,Tiburón azul,34.235843028116506,-120.40762867830612,2014
SHK02,Tiburón azul,36.1208224834413,-120.58998687430191,2014
SHK02,Tiburón azul,34.048366692812685,-119.02910491905519,2014
SHK02,Tiburón azul,35.929684468575786,-120.59570764752071,2014
SHK02,Tiburón azul,35.651574931664626,-119.14961243532169,2014
SHK02,Tiburón azul,33.506902528461715,-118.697742022078,2014
SHK02,Tiburón azul,34.687470875083136,-119.76006237350008,2014
SHK02,Tiburón azul,34.558213264499685,-119.54515909320304,2014
SHK02,Tiburón azul,34.601928524760915,-118.49771482182022,2014
SHK02,Tiburón azul,36.07442799565502,-120.39766099516812,2014
SHK02,Tiburón azul,36.62144455416593,-121.11193329586378,2014
SHK02,Tiburón azul,34.336626084474084,-118.5715282898567,2014
SHK02,Tiburón azul,34.7694030472447,-119.78254501616188,2014
SHK02,Tiburón azul,34.28028892915239,-119.65284643100011,2014
SHK02,Tiburón azul,33.899046422565455,-118.31024339932026,2014
SHK02,Tiburón azul,35.98303686488467,-122.31709395176793,2015
SHK02,Tiburón azul,35.89629910829037,-121.99476463072092,2015
SHK02,Tiburón azul,34.25444197852934,-123.18457451284151,2015
SHK02,Tiburón azul,35.830730594574675,-122.01402320721108,2015
SHK02,Tiburón azul,35.06253539548727,-122.50706608933577,2015
SHK02,Tiburón azul,36.36110188523984,-123.21596486148037,2015
SHK02,Tiburón azul,35.630534370621454,-122.82658612507844,2015
SHK02,Tiburón azul,34.86575578622419,-121.52561662065735,2015
SHK02,Tiburón azul,35.90885333843944,-121.81088383664391,2015
SHK02,Tiburón azul,36.388915796605744,-122.60338963101178,2015
SHK02,Tiburón azul,35.765389960746376,-122.93466022923799,2015
SHK02,Tiburón azul,35.407603341939854,-122.75453652701222,2015
SHK02,Tiburón azul,35.18043295444413,-122.02923644720762,2015
SHK02,Tiburón azul,34.265216306217944,-120.53200619695909,2015
SHK02,Tiburón azul,34.07741960795171,-123.83858208543228,2015
SHK02,Tiburón azul,36.241547862951485,-121.83273077868161,2015
SHK02,Tiburón azul,35.70755680650357,-121.99604796338026,2015
SHK02,Tiburón azul,35.0711902166045,-123.52164784413037,2015
SHK02,Tiburón azul,35.15924154764514,-123.30155518415665,2015
SHK02,Tiburón azul,36.05855672286916,-122.77145085414668,2015
SHK02,Tiburón azul,34.12053978240618,-124.79504723371349,2016
SHK02,Tiburón azul,32.88538793256413,-123.9876354694176,2016
SHK02,Tiburón azul,33.95257489923928,-124.73826585628065,2016
SHK02,Tiburón azul,33.23657002251224,-123.99927274355188,2016
SHK02,Tiburón azul,32.25952398663324,-125.63878645528607,2016
SHK02,Tiburón azul,32.98916410687813,-124.44476983262136,2016
SHK02,Tiburón azul,34.01851589372857,-122.75596646395996,2016
SHK02,Tiburón azul,34.56526795133258,-124.39126121087294,2016
SHK02,Tiburón azul,33.688592120227874,-125.23385204554732,2016
SHK02,Tiburón azul,33.68909519213817,-124.51998131982965,2016
SHK02,Tiburón azul,34.03032688846865,-125.05855362446184,2016
SHK02,Tiburón azul,34.22695484237173,-122.69858376790694,2016
SHK02,Tiburón azul,33.5988481796737,-123.82961095881058,2016
SHK02,Tiburón azul,34.39775231984167,-124.63254315279535,2016
SHK02,Tiburón azul,33.93170080994098,-124.21873028012772,2016
SHK02,Tiburón azul,33.80528442667939,-125.00433246476499,2016
SHK02,Tiburón azul,33.732118502389504,-123.73332438966406,2016
SHK02,Tiburón azul,35.1587519359256,-123.27205185482431,2016
SHK02,Tiburón azul,35.860790785642116,-124.99867024379756,2016
SHK02,Tiburón azul,34.57992896485124,-124.04798067517116,2016
SHK02,Tiburón azul,36.51755804131257,-128.8722067531293,2017
SHK02,Tiburón azul,35.233384159183544,-128.79856912936603,2017
SHK02,Tiburón azul,36.59814722193965,-128.12242032120906,2017
SHK02,Tiburón azul,37.69903585927051,-126.39664326846938,2017
SHK02,Tiburón azul,38.307703721679395,-128.84971776334766,2017
SHK02,Tiburón azul,36.45886521214499,-127.78089493617875,2017
SHK02,Tiburón azul,36.037046676472706,-126.44135534183091,2017
SHK02,Tiburón azul,38.53672000421464,-128.74198975978996,2017
SHK02,Tiburón azul,35.64414535440247,-126.91894173351984,2017
SHK02,Tiburón azul,37.24274003824073,-127.0349977957118,2017
SHK02,Tiburón azul,35.76285222469898,-128.87218913063904,2017
SHK02,Tiburón azul,37.362523583211534,-128.22583351392052,2017
SHK02,Tiburón azul,36.907214412014106,-127.64996417533777,2017
SHK02,Tiburón azul,36.289659454110755,-128.41519359270654,2017
SHK02,Tiburón azul,37.477575515205245,-127.75837527362651,2017
SHK02,Tiburón azul,38.068894761582236,-129.39745619952313,2017
SHK02,Tiburón azul,35.82316571275773,-126.99513728578675,2017
SHK02,Tiburón azul,37.68959389547294,-129.02130064424182,2017
SHK02,Tiburón azul,38.90843185901587,-128.1571394733924,2017
SHK02,Tiburón azul,38.536577067557175,-128.20529562627516,2017
SHK03,Tiburón blanco,33.18561572632424,-120.25172483682962,2013
SHK03,Tiburón blanco,34.079955824388456,-119.85466423025163,2013
SHK03,Tiburón blanco,32.46965641422321,-120.53724432778554,2013
SHK03,Tiburón blanco,34.4930043616529,-122.98203527420709,2013
SHK03,Tiburón blanco,32.25132136213754,-123.26252796554408,2013
SHK03,Tiburón blanco,33.16517304035875,-120.50575353198802,2013
SHK03,Tiburón blanco,34.93693692689934,-121.14920100736421,2013
SHK03,Tiburón blanco,35.063195420374605,-122.60339724599888,2013
SHK03,Tiburón blanco,31.731197435448156,-121.2788434866806,2013
SHK03,Tiburón blanco,33.81864532374262,-121.25599053587807,2013
SHK03,Tiburón blanco,31.367137774763435,-121.31241582729677,2013
SHK03,Tiburón blanco,32.13011037429846,-120.55362323895395,2013
SHK03,Tiburón blanco,33.80117812090016,-122.16317557411134,2013
SHK03,Tiburón blanco,32.92071295746662,-122.28250930967293,2013
SHK03,Tiburón blanco,33.37190077753014,-120.26815346728274,2013
SHK03,Tiburón blanco,32.44885382846777,-120.71924927226614,2013
SHK03,Tiburón blanco,32.90432225643087,-122.01616862004633,2013
SHK03,Tiburón blanco,33.327549514848755,-122.25853811020336,2013
SHK03,Tiburón blanco,32.88093056945613,-122.42117368037283,2013
SHK03,Tiburón blanco,35.399305007719704,-121.18803223581226,2013
SHK03,Tiburón blanco,32.15604264512484,-120.3743658336461,2014
SHK03,Tiburón blanco,32.8825373948591,-119.39588852406557,2014
SHK03,Tiburón blanco,31.737869547205143,-120.72921447475755,2014
SHK03,Tiburón blanco,31.99331899766403,-122.45531739884846,2014
SHK03,Tiburón blanco,30.75317963261712,-118.78652196666835,2014
SHK03,Tiburón blanco,33.91333840831695,-120.40243227366925,2014
SHK03,Tiburón blanco,32.84492765787144,-119.84214607956935,2014
SHK03,Tiburón blanco,35.34725150327091,-119.03382132267829,2014
SHK03,Tiburón blanco,32.140453103334906,-121.1089366747133,2014
SHK03,Tiburón blanco,30.6619243745581,-119.94993259824565,2014
SHK03,Tiburón blanco,31.512019949531368,-121.57564994371054,2014
SHK03,Tiburón blanco,31.621797810573145,-121.23494423772728,2014
SHK03,Tiburón blanco,33.955512329888236,-119.27175647716342,2014
SHK03,Tiburón blanco,32.26039805349905,-118.67345209522286,2014
SHK03,Tiburón blanco,32.34573900246329,-121.01468043544114,2014
SHK03,Tiburón blanco,33.79149477208533,-119.61448619042822,2014
SHK03,Tiburón blanco,31.231124540489215,-120.34373491219648,2014
SHK03,Tiburón blanco,31.392752441430915,-121.53619596507721,2014
SHK03,Tiburón blanco,33.19454824234732,-118.24397959364275,2014
SHK03,Tiburón blanco,30.869803120996533,-119.5904269974223,2014
SHK03,Tiburón blanco,30.59157248870709,-123.45301392261618,2015
SHK03,Tiburón blanco,31.232488040890786,-123.4199732693474,2015
SHK03,Tiburón blanco,31.4544232387258,-122.6392612623855,2015
SHK03,Tiburón blanco,30.94501836607955,-123.49658681497796,2015
SHK03,Tiburón blanco,30.607195082377626,-121.8336319271106,2015
SHK03,Tiburón blanco,31.68488360057034,-123.56657839773492,2015
SHK03,Tiburón blanco,31.283298718375185,-121.83763602956458,2015
SHK03,Tiburón blanco,29.51456113182459,-122.04566296055643,2015
SHK03,Tiburón blanco,30.52134265400011,-122.0184244843432,2015
SHK03,Tiburón blanco,30.420707256403443,-124.39390525360088,2015
SHK03,Tiburón blanco,29.5564239750628,-122.54093820627499,2015
SHK03,Tiburón blanco,31.44368891466744,-123.49333977804078,2015
SHK03,Tiburón blanco,31.822558871723334,-124.25054321520533,2015
SHK03,Tiburón blanco,31.117886614298644,-123.80003935269882,2015
SHK03,Tiburón blanco,30.532130305143802,-122.54162448161995,2015
SHK03,Tiburón blanco,30.323553047662006,-122.97357869716619,2015
SHK03,Tiburón blanco,32.1902592221604,-123.16591502245952,2015
SHK03,Tiburón blanco,32.0196585250111,-123.71873000759398,2015
SHK03,Tiburón blanco,31.71377059086124,-121.14745453227846,2015
SHK03,Tiburón blanco,28.71232191281867,-123.38591840840684,2015
SHK03,Tiburón blanco,32.516899164951504,-124.20823526986715,2016
SHK03,Tiburón blanco,32.232343079053095,-123.7599273185434,2016
SHK03,Tiburón blanco,33.31353535324,-123.34982923985011,2016
SHK03,Tiburón blanco,32.48335595365539,-124.01612704927379,2016
SHK03,Tiburón blanco,31.6581470675077,-124.03680827097095,2016
SHK03,Tiburón blanco,32.54020543395849,-124.0252345639716,2016
SHK03,Tiburón blanco,32.43552814847661,-121.5288492845059,2016
SHK03,Tiburón blanco,33.01687799501188,-123.93027361531917,2016
SHK03,Tiburón blanco,33.346967213744136,-124.01232545617287,2016
SHK03,Tiburón blanco,30.107628756402338,-124.61233639406873,2016
SHK03,Tiburón blanco,30.274961370554337,-123.95576356719263,2016
SHK03,Tiburón blanco,32.16417167076975,-121.92781277087605,2016
SHK03,Tiburón blanco,32.472680665344356,-123.8233506119602,2016
SHK03,Tiburón blanco,32.97515887276368,-125.81538539215921,2016
SHK03,Tiburón blanco,32.38136784968876,-122.83338488926437,2016
SHK03,Tiburón blanco,30.66716704580035,-122.4604960399444,2016
SHK03,Tiburón blanco,32.4842496990746,-124.01953799705213,2016
SHK03,Tiburón blanco,32.77853515768648,-121.33355722534694,2016
SHK03,Tiburón blanco,32.32761954663869,-123.356029496851,2016
SHK03,Tiburón blanco,31.68639239203995,-124.45409445261612,2016
SHK03,Tiburón blanco,33.601212556373326,-128.3623266594608,2017
SHK03,Tiburón blanco,34.008626144900326,-127.55100710740872,2017
SHK03,Tiburón blanco,34.567186263411834,-128.39468561155041,2017
SHK03,Tiburón blanco,33.25977138386056,-128.86343292847798,2017
SHK03,Tiburón blanco,33.085353059077825,-127.50736871965081,2017
SHK03,Tiburón blanco,34.286634935799285,-128.80683453687328,2017
SHK03,Tiburón blanco,34.399252239259596,-126.52903135389072,2017
SHK03,Tiburón blanco,33.943081222377636,-126.0078734001376,2017
SHK03,Tiburón blanco,32.75585712005036,-129.12932391600708,2017
SHK03,Tiburón blanco,31.750926070249655,-126.38862490120648,2017
SHK03,Tiburón blanco,34.18401197550799,-127.94025388360612,2017
SHK03,Tiburón blanco,33.809614945473754,-129.01015825999406,2017
SHK03,Tiburón blanco,35.975398298770756,-127.75544803072044,2017
SHK03,Tiburón blanco,33.63904111375883,-127.15890258879698,2017
SHK03,Tiburón blanco,34.01065555089065,-127.66078518841654,2017
SHK03,Tiburón blanco,32.73917186370862,-127.41320085555968,2017
SHK03,Tiburón blanco,35.411670815628966,-126.53924916654069,2017
SHK03,Tiburón blanco,35.12283294579333,-128.39588488912685,2017
SHK03,Tiburón blanco,32.540041498895356,-128.01045613279533,2017
SHK03,Tiburón blanco,33.58537123144263,-126.79047769422472,2017
SHK04,Tiburón blanco,12.021217718562978,127.22087052735566,2013
SHK04,Tiburón blanco,11.1671212418818,125.99289492543733,2013
SHK04,Tiburón blanco,13.002396201103881,127.72106956449147,2013
SHK04,Tiburón blanco,10.889264717400913,126.35267282523944,2013
SHK04,Tiburón blanco,11.843440917851838,129.31677312259245,2013
SHK04,Tiburón blanco,11.919634265778361,126.14460864418498,2013
SHK04,Tiburón blanco,11.933482553056022,127.3750280275554,2013
SHK04,Tiburón blanco,9.482338974200395,127.59345673078525,2013
SHK04,Tiburón blanco,11.948291086933288,128.34395796211652,2013
SHK04,Tiburón blanco,14.028181712087312,128.7743166268508,2013
SHK04,Tiburón blanco,11.910336926587137,126.54122568856138,2013
SHK04,Tiburón blanco,14.752585420391828,127.70697003131755,2013
SHK04,Tiburón blanco,12.193154909054913,127.62362651019305,2013
SHK04,Tiburón blanco,12.377310377909822,127.50339118537914,2013
SHK04,Tiburón blanco,11.605563610261731,127.10089265606268,2013
SHK04,Tiburón blanco,12.146472346925968,127.10432682616931,2013
SHK04,Tiburón blanco,11.466379834464803,127.75418182499499,2013
SHK04,Tiburón blanco,11.924248399721112,129.15174458588575,2013
SHK04,Tiburón blanco,9.528255808748956,128.73925844922553,2013
SHK04,Tiburón blanco,13.425310809639596,125.57436136489491,2013
SHK04,Tiburón blanco,10.200567932290232,125.01273057973322,2014
SHK04,Tiburón blanco,10.497503781542225,127.54281771074773,2014
SHK04,Tiburón blanco,12.543758020155513,127.06210236231829,2014
SHK04,Tiburón blanco,12.329751691051287,124.66149549610691,2014
SHK04,Tiburón blanco,11.083559360728279,126.279921828552,2014
SHK04,Tiburón blanco,10.385951818116107,126.50354569749652,2014
SHK04,Tiburón blanco,11.367754228849918,125.41572645977453,2014
SHK04,Tiburón blanco,12.319039595211544,126.23481057881014,2014
SHK04,Tiburón blanco,11.247113461188972,126.94987707068833,2014
SHK04,Tiburón blanco,10.527016299408155,126.40648287426836,2014
SHK04,Tiburón blanco,12.201180884976436,125.48100082801011,2014
SHK04,Tiburón blanco,11.93421264925017,124.53943369093884,2014
SHK04,Tiburón blanco,12.532106646214954,125.60564513088116,2014
SHK04,Tiburón blanco,11.085356606489013,126.83955649316101,2014
SHK04,Tiburón blanco,10.903735936465294,124.38208597096059,2014
SHK04,Tiburón blanco,10.051450453484149,126.39655721866973,2014
SHK04,Tiburón blanco,10.32765027451177,127.54534144930847,2014
SHK04,Tiburón blanco,9.52615021912433,127.48700363561414,2014
SHK04,Tiburón blanco,11.81909709421067,125.69383415545371,2014
SHK04,Tiburón blanco,11.063160540199103,126.18968338167622,2014
SHK04,Tiburón blanco,11.659582771628678,131.4573584388686,2015
SHK04,Tiburón blanco,11.181742910752783,131.25011105368566,2015
SHK04,Tiburón blanco,11.853156891858697,129.5968882847501,2015
SHK04,Tiburón blanco,10.197169700860925,132.05032077142948,2015
SHK04,Tiburón blanco,11.71622056109458,131.12307334105407,2015
SHK04,Tiburón blanco,11.563789056032032,131.65463838276844,2015
SHK04,Tiburón blanco,11.005595442657278,130.52875195200443,2015
SHK04,Tiburón blanco,11.74120037806432,130.3286838997917,2015
SHK04,Tiburón blanco,11.95360787868111,129.6044730731689,2015
SHK04,Tiburón blanco,12.574510760292283,131.77965415981976,2015
SHK04,Tiburón blanco,11.801384857280514,132.28974766135224,2015
SHK04,Tiburón blanco,13.210829567429215,132.32142674242488,2015
SHK04,Tiburón blanco,9.704480891634994,130.02747971067106,2015
SHK04,Tiburón blanco,10.92053654527096,131.33314772761753,2015
SHK04,Tiburón blanco,12.063014143435762,130.58131286425328,2015
SHK04,Tiburón blanco,11.732121887443716,130.55167374505345,2015
SHK04,Tiburón blanco,10.93383731997469,129.90039558055855,2015
SHK04,Tiburón blanco,10.622121876855735,129.9553720717904,2015
SHK04,Tiburón blanco,10.569481869989305,132.3606984740146,2015
SHK04,Tiburón blanco,10.595956234134695,133.93943874224414,2015
SHK04,Tiburón blanco,11.509193844253574,132.93154717529012,2016
SHK04,Tiburón blanco,11.791913798197013,132.35324711052647,2016
SHK04,Tiburón blanco,14.927636162703582,132.13517739615645,2016
SHK04,Tiburón blanco,13.516824950720462,131.5280608707552,2016
SHK04,Tiburón blanco,12.332563133937825,134.0020379315166,2016
SHK04,Tiburón blanco,11.74058456664702,134.04368585387806,2016
SHK04,Tiburón blanco,13.075303559890262,131.66877051998682,2016
SHK04,Tiburón blanco,12.999959363490309,133.20379174550783,2016
SHK04,Tiburón blanco,12.989361586651984,130.66101257599064,2016
SHK04,Tiburón blanco,11.640414448609919,131.9837186603296,2016
SHK04,Tiburón blanco,12.29311819533474,132.8519093934318,2016
SHK04,Tiburón blanco,12.545252625368041,130.89589293717097,2016
SHK04,Tiburón blanco,12.74774947544075,132.84182304116496,2016
SHK04,Tiburón blanco,12.927342072365827,133.31201802143573,2016
SHK04,Tiburón blanco,13.201473778983692,132.69041737510952,2016
SHK04,Tiburón blanco,12.29738591297614,130.57027636236512,2016
SHK04,Tiburón blanco,12.797169843567373,132.43892498304422,2016
SHK04,Tiburón blanco,12.639130461630161,130.9544887200608,2016
SHK04,Tiburón blanco,11.286495084026525,133.284390149214,2016
SHK04,Tiburón blanco,12.327996470578132,132.9127379932537,2016
SHK04,Tiburón blanco,13.353032723961553,131.86397326514248,2017
SHK04,Tiburón blanco,12.510869694926539,131.91774270465476,2017
SHK04,Tiburón blanco,11.98025269055324,132.07084586989117,2017
SHK04,Tiburón blanco,12.636882689619268,131.90126937169634,2017
SHK04,Tiburón blanco,13.670505043559077,131.48541069114032,2017
SHK04,Tiburón blanco,12.227877273824197,131.94028693508562,2017
SHK04,Tiburón blanco,13.861726802339287,132.5765727698714,2017
SHK04,Tiburón blanco,13.44659345745419,130.89445762032284,2017
SHK04,Tiburón blanco,12.681799183854814,133.26964878898326,2017
SHK04,Tiburón blanco,12.49703290726098,133.4454983684252,2017
SHK04,Tiburón blanco,11.897460467885184,133.7893654335454,2017
SHK04,Tiburón blanco,14.713647041604805,132.01717943292016,2017
SHK04,Tiburón blanco,11.969246396584783,133.8334024704775,2017
SHK04,Tiburón blanco,13.994321063716267,131.85715796620656,2017
SHK04,Tiburón blanco,11.994562100889699,132.09823338449928,2017
SHK04,Tiburón blanco,11.070298406951279,131.46136604687558,2017
SHK04,Tiburón blanco,11.410608151233488,131.61222042825568,2017
SHK04,Tiburón blanco,12.380064030598774,132.61423272589633,2017
SHK04,Tiburón blanco,13.965249410799633,131.381663952621,2017
SHK04,Tiburón blanco,13.39907131646214,132.16602914913432,2017
SHK05,Tiburón blanco,-31.205161537649687,-36.24349279298292,2013
SHK05,Tiburón blanco,-29.91598730787433,-36.13345127515885,2013
SHK05,Tiburón blanco,-29.79327087217957,-34.1706023992561,2013
SHK05,Tiburón blanco,-30.720179500338702,-37.15689949416878,2013
SHK05,Tiburón blanco,-30.70558004251215,-37.18137965832722,2013
SHK05,Tiburón blanco,-30.719826643393905,-35.43688600805942,2013
SHK05,Tiburón blanco,-28.661935268097533,-37.19664883291645,2013
SHK05,Tiburón blanco,-30.914795089191614,-36.15448698278058,2013
SHK05,Tiburón blanco,-30.63466256036836,-35.99297072141147,2013
SHK05,Tiburón blanco,-29.879516495236086,-38.14164665416422,2013
SHK05,Tiburón blanco,-28.534934314757326,-34.830024866071454,2013
SHK05,Tiburón blanco,-30.695228206571773,-37.01360409910296,2013
SHK05,Tiburón blanco,-29.796574125362483,-36.29144574917996,2013
SHK05,Tiburón blanco,-29.423895243414556,-34.61569800040064,2013
SHK05,Tiburón blanco,-30.259386743581437,-37.42419978370543,2013
SHK05,Tiburón blanco,-31.461758744101914,-37.3568325791089,2013
SHK05,Tiburón blanco,-30.115566488961186,-34.83134467564918,2013
SHK05,Tiburón blanco,-30.60005081512356,-36.402114587528075,2013
SHK05,Tiburón blanco,-30.098862412160138,-35.43750926571889,2013
SHK05,Tiburón blanco,-27.555507090213766,-37.1567713120873,2013
SHK05,Tiburón blanco,-30.21628043065811,-29.558390828085578,2014
SHK05,Tiburón blanco,-30.31424373495846,-31.764390244608677,2014
SHK05,Tiburón blanco,-30.307517089592114,-30.2963945732387,2014
SHK05,Tiburón blanco,-30.07768973908706,-30.897824122714326,2014
SHK05,Tiburón blanco,-29.83149723069527,-30.235802563375955,2014
SHK05,Tiburón blanco,-29.516012929246894,-30.756388266231966,2014
SHK05,Tiburón blanco,-31.065290000601276,-31.258384467388282,2014
SHK05,Tiburón blanco,-29.691662953776067,-32.22203382480885,2014
SHK05,Tiburón blanco,-30.529498611411523,-31.798436966148984,2014
SHK05,Tiburón blanco,-30.869427097349604,-30.126646291214314,2014
SHK05,Tiburón blanco,-30.70707285226452,-31.358661605665475,2014
SHK05,Tiburón blanco,-32.25802806126434,-30.65884458779439,2014
SHK05,Tiburón blanco,-30.252687739143347,-29.241843430516155,2014
SHK05,Tiburón blanco,-31.205950155237424,-31.185947826157673,2014
SHK05,Tiburón blanco,-30.64878823657367,-29.827644874058137,2014
SHK05,Tiburón blanco,-30.993467452671375,-31.126076628051294,2014
SHK05,Tiburón blanco,-30.290275410567883,-31.218489030665268,2014
SHK05,Tiburón blanco,-31.34460553483495,-31.211008160923313,2014
SHK05,Tiburón blanco,-29.82454017042465,-32.43161345323267,2014
SHK05,Tiburón blanco,-30.765202246137548,-32.105218968760795,2014
SHK05,Tiburón blanco,-29.465349386014605,-38.643820802675975,2015
SHK05,Tiburón blanco,-27.340903509508678,-39.086782938813485,2015
SHK05,Tiburón blanco,-29.461627065436215,-37.13987560829992,2015
SHK05,Tiburón blanco,-30.35444143915926,-41.21983863436057,2015
SHK05,Tiburón blanco,-28.466413088689684,-39.5230869020931,2015
SHK05,Tiburón blanco,-29.92766035587373,-38.31267623044113,2015
SHK05,Tiburón blanco,-28.662626824971817,-39.585111308477224,2015
SHK05,Tiburón blanco,-30.18673193741391,-38.148575349460344,2015
SHK05,Tiburón blanco,-28.256226360784357,-39.12020854151987,2015
SHK05,Tiburón blanco,-27.059790542695353,-40.09111744406664,2015
SHK05,Tiburón blanco,-30.431952709667755,-39.71294074762173,2015
SHK05,Tiburón blanco,-28.952013555098514,-38.7776932284178,2015
SHK05,Tiburón blanco,-29.147663596599347,-38.668977281226205,2015
SHK05,Tiburón blanco,-30.15796696293346,-37.57726807366723,2015
SHK05,Tiburón blanco,-28.988578717135585,-37.903736846152356,2015
SHK05,Tiburón blanco,-28.563702192365312,-38.564279458586725,2015
SHK05,Tiburón blanco,-28.336660258510815,-38.57332411772319,2015
SHK05,Tiburón blanco,-28.263704778875475,-37.69188014760806,2015
SHK05,Tiburón blanco,-28.709906369041548,-38.31202892015199,2015
SHK05,Tiburón blanco,-28.996163233030245,-37.58091546229102,2015
SHK05,Tiburón blanco,-30.073905992819476,-31.44710561530445,2016
SHK05,Tiburón blanco,-29.905643627264343,-30.697382170661285,2016
SHK05,Tiburón blanco,-29.19310449318641,-30.66895449248881,2016
SHK05,Tiburón blanco,-30.479931475389915,-31.90587124413196,2016
SHK05,Tiburón blanco,-30.48605436142421,-32.44020983981537,2016
SHK05,Tiburón blanco,-31.617650865660856,-29.255915857042112,2016
SHK05,Tiburón blanco,-29.2479478835243,-29.59087295140145,2016
SHK05,Tiburón blanco,-31.000724185304346,-30.064041869328406,2016
SHK05,Tiburón blanco,-30.037350581265702,-31.174695202378956,2016
SHK05,Tiburón blanco,-28.530349740407985,-29.138968222610742,2016
SHK05,Tiburón blanco,-30.254712216004798,-29.989444674191873,2016
SHK05,Tiburón blanco,-29.825365234227583,-32.0580653816107,2016
SHK05,Tiburón blanco,-30.28092542469573,-30.698314761184207,2016
SHK05,Tiburón blanco,-31.035368052070048,-30.297430806072384,2016
SHK05,Tiburón blanco,-28.236061515325613,-29.3754876519194,2016
SHK05,Tiburón blanco,-30.60492703195793,-29.443747731830257,2016
SHK05,Tiburón blanco,-28.63439260558913,-29.091696830273634,2016
SHK05,Tiburón blanco,-29.97411767225496,-30.66326729089198,2016
SHK05,Tiburón blanco,-29.335524728561545,-29.622845127764663,2016
SHK05,Tiburón blanco,-29.138554822147402,-29.38115871150444,2016
SHK05,Tiburón blanco,-26.967099451008583,-32.49490696629687,2017
SHK05,Tiburón blanco,-26.209232644017643,-33.3816943890788,2017
SHK05,Tiburón blanco,-26.54852971347766,-32.494595787526606,2017
SHK05,Tiburón blanco,-28.935911520257356,-33.17639240504357,2017
SHK05,Tiburón blanco,-28.60484082483723,-32.268340624587324,2017
SHK05,Tiburón blanco,-27.761658028607407,-33.26620657492782,2017
SHK05,Tiburón blanco,-28.30884810890389,-30.5502362123774,2017
SHK05,Tiburón blanco,-26.556950346542195,-32.25618290131521,2017
SHK05,Tiburón blanco,-28.246490038474708,-32.572475244271004,2017
SHK05,Tiburón blanco,-27.67097554391249,-33.71529913618767,2017
SHK05,Tiburón blanco,-28.54187005406625,-34.361090644866835,2017
SHK05,Tiburón blanco,-27.88527039403763,-32.0453106312865,2017
SHK05,Tiburón blanco,-28.767679978942283,-31.118519807699215,2017
SHK05,Tiburón blanco,-29.51025917964525,-34.15688145119907,2017
SHK05,Tiburón blanco,-28.060041698082934,-31.645408268377082,2017
SHK05,Tiburón blanco,-26.60056582518504,-33.15139083385819,2017
SHK05,Tiburón blanco,-27.20581268321161,-32.73101504048995,2017
SHK05,Tiburón blanco,-28.45712081658373,-31.808846633502583,2017
SHK05,Tiburón blanco,-27.63217063822949,-34.26889872797349,2017
SHK05,Tiburón blanco,-26.807953166917013,-31.3124152168418,2017
SHK06,Tiburón azul,-35.54857431623315,152.23969143301093,2013
SHK06,Tiburón azul,-36.59290965636131,151.30739429924898,2013
SHK06,Tiburón azul,-36.06815857350733,153.15174668644642,2013
SHK06,Tiburón azul,-35.499004347921456,151.60840333510095,2013
SHK06,Tiburón azul,-35.27090579186754,149.13047504655697,2013
SHK06,Tiburón azul,-34.89383880214378,150.23930388840893,2013
SHK06,Tiburón azul,-36.405045443919015,150.8593477725609,2013
SHK06,Tiburón azul,-37.33728597823679,153.13984445456555,2013
SHK06,Tiburón azul,-36.510305703827775,152.32552154891778,2013
SHK06,Tiburón azul,-36.08952508139507,152.45605849441017,2013
SHK06,Tiburón azul,-35.96578261145563,150.69602544299846,2013
SHK06,Tiburón azul,-35.04633768306874,151.48526108402575,2013
SHK06,Tiburón azul,-37.599186401175636,151.55090250622112,2013
SHK06,Tiburón azul,-34.54184471188157,152.8292394093005,2013
SHK06,Tiburón azul,-36.39125663692374,151.6297599628686,2013
SHK06,Tiburón azul,-36.36423955373327,154.05576565074784,2013
SHK06,Tiburón azul,-35.66066905028433,152.4090593143781,2013
SHK06,Tiburón azul,-35.01232104848404,152.21780682621352,2013
SHK06,Tiburón azul,-36.301646648336586,151.78266781810203,2013
SHK06,Tiburón azul,-36.11420576192995,151.9417954306772,2013
SHK06,Tiburón azul,-34.097248519238676,152.158030516115,2014
SHK06,Tiburón azul,-34.75125340613816,150.2405464116914,2014
SHK06,Tiburón azul,-33.913560921751774,152.58523557212152,2014
SHK06,Tiburón azul,-33.831878486594604,149.3424917180298,2014
SHK06,Tiburón azul,-32.74151389167353,152.09915746806837,2014
SHK06,Tiburón azul,-33.721705779716736,151.19884116909805,2014
SHK06,Tiburón azul,-34.217114691391686,151.18533153304986,2014
SHK06,Tiburón azul,-35.45365755715006,154.1527784500903,2014
SHK06,Tiburón azul,-35.0205709972176,152.45617996940325,2014
SHK06,Tiburón azul,-33.9598208657655,152.73442898419614,2014
SHK06,Tiburón azul,-34.67946969131068,152.60370809868976,2014
SHK06,Tiburón azul,-32.426473011215975,152.18112829918994,2014
SHK06,Tiburón azul,-34.62878954973929,153.28940149223115,2014
SHK06,Tiburón azul,-33.72436266349627,153.42577740178388,2014
SHK06,Tiburón azul,-34.19115837442507,151.09574218349303,2014
SHK06,Tiburón azul,-33.19645706415316,151.0924017032048,2014
SHK06,Tiburón azul,-34.52725313121522,151.48447124620418,2014
SHK06,Tiburón azul,-34.894026943047244,152.56750950652702,2014
SHK06,Tiburón azul,-34.50853138100398,152.66066785045882,2014
SHK06,Tiburón azul,-33.216177327395606,152.69228139773747,2014
SHK06,Tiburón azul,-34.04734583301403,155.8315751225283,2015
SHK06,Tiburón azul,-34.63941625208881,157.76035567997621,2015
SHK06,Tiburón azul,-35.53437982529866,158.43488975097694,2015
SHK06,Tiburón azul,-35.386871908971195,157.18475939113688,2015
SHK06,Tiburón azul,-35.409888146222535,157.07476198524682,2015
SHK06,Tiburón azul,-36.33309140883387,155.61913205507102,2015
SHK06,Tiburón azul,-33.6423112587137,156.212221589347,2015
SHK06,Tiburón azul,-36.228208671394974,154.90579282406162,2015
SHK06,Tiburón azul,-35.87577806962817,155.73609314425784,2015
SHK06,Tiburón azul,-33.5948011618023,158.06900002700797,2015
SHK06,Tiburón azul,-35.924966667116394,159.3116187430096,2015
SHK06,Tiburón azul,-34.25505083494708,156.73435155415672,2015
SHK06,Tiburón azul,-37.736222036812244,159.35012551025608,2015
SHK06,Tiburón azul,-36.626388788702265,155.41378419070844,2015
SHK06,Tiburón azul,-34.21424588992903,159.49893534400462,2015
SHK06,Tiburón azul,-33.85254350342815,157.6230920577177,2015
SHK06,Tiburón azul,-34.64206198027338,157.91259849644564,2015
SHK06,Tiburón azul,-34.477887732151906,157.3403743616347,2015
SHK06,Tiburón azul,-35.132615217986796,156.9965898097658,2015
SHK06,Tiburón azul,-35.99078091080535,156.77850786079853,2015
SHK06,Tiburón azul,-39.047002119415225,155.4638954864758,2016
SHK06,Tiburón azul,-37.87851686111083,157.9594870900362,2016
SHK06,Tiburón azul,-37.140094406261994,154.99698420006837,2016
SHK06,Tiburón azul,-39.04803914883465,157.5082559916798,2016
SHK06,Tiburón azul,-39.040898405802615,156.34285165369454,2016
SHK06,Tiburón azul,-37.50835891323975,155.59914034882797,2016
SHK06,Tiburón azul,-37.95303550611835,155.23345930877338,2016
SHK06,Tiburón azul,-38.65977865621552,156.88726673783412,2016
SHK06,Tiburón azul,-39.65140474579598,157.00795954165199,2016
SHK06,Tiburón azul,-38.07804881119099,157.1199747581087,2016
SHK06,Tiburón azul,-37.834496878199644,157.9316252336654,2016
SHK06,Tiburón azul,-37.9331865096164,156.1380792625663,2016
SHK06,Tiburón azul,-37.93611350923202,157.11078283272798,2016
SHK06,Tiburón azul,-38.009550941938606,156.60807649489544,2016
SHK06,Tiburón azul,-38.76040270007106,155.90458388614059,2016
SHK06,Tiburón azul,-39.461016284064,158.3170615468785,2016
SHK06,Tiburón azul,-39.302274247655596,155.87457960589563,2016
SHK06,Tiburón azul,-38.776818277833506,157.46240918063597,2016
SHK06,Tiburón azul,-38.353360690556336,157.81522687636527,2016
SHK06,Tiburón azul,-38.73190163650818,156.84647896591537,2016
SHK06,Tiburón azul,-40.63825452006008,167.60305115278555,2017
SHK06,Tiburón azul,-38.81687922009847,167.70702954001,2017
SHK06,Tiburón azul,-39.63594375990827,167.16340974282514,2017
SHK06,Tiburón azul,-39.406844629051456,167.14622844093003,2017
SHK06,Tiburón azul,-38.48677698423566,169.50375344414988,2017
SHK06,Tiburón azul,-40.0081478860384,165.92342746297948,2017
SHK06,Tiburón azul,-39.53893814938182,169.87293978021285,2017
SHK06,Tiburón azul,-40.254330669000296,168.9323472480026,2017
SHK06,Tiburón azul,-37.77295528695413,166.73964220085054,2017
SHK06,Tiburón azul,-38.881673021845295,168.92162706568706,2017
SHK06,Tiburón azul,-39.82978384201805,167.08965008245616,2017
SHK06,Tiburón azul,-40.03233701497921,166.27847371186567,2017
SHK06,Tiburón azul,-40.099933646096574,166.06929017579625,2017
SHK06,Tiburón azul,-39.41657263277134,166.52325721149987,2017
SHK06,Tiburón azul,-39.21687018923982,165.7373347963549,2017
SHK06,Tiburón azul,-39.11977586881611,168.12675940416744,2017
SHK06,Tiburón azul,-41.444391743602026,167.66728701240606,2017
SHK06,Tiburón azul,-38.22298710855728,166.08358942386735,2017
SHK06,Tiburón azul,-37.77808371419287,167.71224945192455,2017
SHK06,Tiburón azul,-40.155667956788974,167.2374613649008,2017
SHK07,Tiburón blanco,-33.53069915335076,149.4593533639827,2013
SHK07,Tiburón blanco,-33.90009432176105,148.96631246015704,2013
SHK07,Tiburón blanco,-34.18068120714583,149.47611931559726,2013
SHK07,Tiburón blanco,-34.80498508838689,151.6161201322725,2013
SHK07,Tiburón blanco,-32.978145025202856,150.98916507796923,2013
SHK07,Tiburón blanco,-35.161767910469706,150.06361850736727,2013
SHK07,Tiburón blanco,-32.85635744581795,150.52174387070193,2013
SHK07,Tiburón blanco,-31.750125605815434,150.7733447964564,2013
SHK07,Tiburón blanco,-33.877406029307096,150.07091049285953,2013
SHK07,Tiburón blanco,-33.93591424101485,150.22755712068152,2013
SHK07,Tiburón blanco,-33.36134646910854,151.33672927385663,2013
SHK07,Tiburón blanco,-34.85544460630508,149.04879400350427,2013
SHK07,Tiburón blanco,-35.905660518900426,150.8880182839746,2013
SHK07,Tiburón blanco,-35.172821751971,148.22713636410958,2013
SHK07,Tiburón blanco,-33.680876541266166,152.87302647449485,2013
SHK07,Tiburón blanco,-34.07552605733702,151.21851773151366,2013
SHK07,Tiburón blanco,-33.98762578724956,150.28113730387088,2013
SHK07,Tiburón blanco,-33.15037866280936,150.0897524128734,2013
SHK07,Tiburón blanco,-33.80206283172522,150.70172476325808,2013
SHK07,Tiburón blanco,-34.737545599440175,151.37206930659858,2013
SHK07,Tiburón blanco,-33.82454489671907,145.70283317780678,2014
SHK07,Tiburón blanco,-34.33287358292035,146.59218216295363,2014
SHK07,Tiburón blanco,-33.2751591744579,147.0759993924778,2014
SHK07,Tiburón blanco,-34.38608169903462,147.4190674587981,2014
SHK07,Tiburón blanco,-32.97084719127216,147.15911146594965,2014
SHK07,Tiburón blanco,-34.350702120446094,145.28946492724765,2014
SHK07,Tiburón blanco,-35.42616840336485,146.29607645524317,2014
SHK07,Tiburón blanco,-34.970566942448755,146.41432985661237,2014
SHK07,Tiburón blanco,-34.30440481539237,147.13099391395457,2014
SHK07,Tiburón blanco,-34.431553518348565,147.08780280342404,2014
SHK07,Tiburón blanco,-34.296580325479354,144.62583459324395,2014
SHK07,Tiburón blanco,-35.30039013410823,146.4572136038762,2014
SHK07,Tiburón blanco,-35.570749483130584,147.20122988959406,2014
SHK07,Tiburón blanco,-32.830303907945776,147.82006301129513,2014
SHK07,Tiburón blanco,-34.574497611219684,148.09202729644778,2014
SHK07,Tiburón blanco,-34.21238728308737,146.2642151884798,2014
SHK07,Tiburón blanco,-34.974457403830414,146.29883147310966,2014
SHK07,Tiburón blanco,-34.7492315588307,146.7717173819733,2014
SHK07,Tiburón blanco,-34.20048075923961,146.60434717975124,2014
SHK07,Tiburón blanco,-33.92411657054313,147.79194743438416,2014
SHK07,Tiburón blanco,-35.332385649455894,140.11113122858757,2015
SHK07,Tiburón blanco,-34.14534321296936,138.95204591545564,2015
SHK07,Tiburón blanco,-33.9485775406133,137.3748308797683,2015
SHK07,Tiburón blanco,-32.237001786349154,139.93596647765094,2015
SHK07,Tiburón blanco,-33.35497491528066,136.58576902520338,2015
SHK07,Tiburón blanco,-33.32470896280642,139.56861532275082,2015
SHK07,Tiburón blanco,-34.25737608332807,139.36017123712747,2015
SHK07,Tiburón blanco,-32.79377436372693,139.75610281694935,2015
SHK07,Tiburón blanco,-32.65888414613978,138.20374237646672,2015
SHK07,Tiburón blanco,-31.58189301288945,139.0182817443213,2015
SHK07,Tiburón blanco,-32.80576905406387,138.24354335827513,2015
SHK07,Tiburón blanco,-33.22174676574545,138.2920086033214,2015
SHK07,Tiburón blanco,-32.951410574477364,140.88851979749063,2015
SHK07,Tiburón blanco,-34.150365657485295,137.56324991947156,2015
SHK07,Tiburón blanco,-31.30729418706033,138.9674876401964,2015
SHK07,Tiburón blanco,-33.44753725321385,140.2167160047444,2015
SHK07,Tiburón blanco,-33.384080054290806,141.00282103089523,2015
SHK07,Tiburón blanco,-32.10053864321467,138.68889990920263,2015
SHK07,Tiburón blanco,-30.621156301288437,138.57109639434498,2015
SHK07,Tiburón blanco,-32.03636914254463,139.4761038977548,2015
SHK07,Tiburón blanco,-30.576891549823507,146.23094943063637,2016
SHK07,Tiburón blanco,-30.14892355595016,146.30665193123048,2016
SHK07,Tiburón blanco,-28.59550845136265,147.12090263206528,2016
SHK07,Tiburón blanco,-30.974217250201384,147.16904760684747,2016
SHK07,Tiburón blanco,-31.95602198841897,146.0127532624719,2016
SHK07,Tiburón blanco,-29.408481790944847,146.3274730220112,2016
SHK07,Tiburón blanco,-31.655806681571214,147.52102005350986,2016
SHK07,Tiburón blanco,-29.423191544226277,147.70332061164765,2016
SHK07,Tiburón blanco,-29.612848013083457,146.22757221241312,2016
SHK07,Tiburón blanco,-32.03070636563112,148.48570095293803,2016
SHK07,Tiburón blanco,-30.93157553773141,146.73353428452754,2016
SHK07,Tiburón blanco,-29.280701557040217,147.5405973103832,2016
SHK07,Tiburón blanco,-30.153007926807668,149.14936964588367,2016
SHK07,Tiburón blanco,-31.252413929269416,147.9122074290638,2016
SHK07,Tiburón blanco,-30.551882573992188,147.25295957984582,2016
SHK07,Tiburón blanco,-29.080427272476744,147.4922030572722,2016
SHK07,Tiburón blanco,-30.07059961983964,148.05687463829236,2016
SHK07,Tiburón blanco,-30.97384842843216,146.14515763364352,2016
SHK07,Tiburón blanco,-31.65370489291031,145.01801071160656,2016
SHK07,Tiburón blanco,-28.552688568948952,145.88115893526088,2016
SHK07,Tiburón blanco,-30.670245040389794,146.41603801407723,2017
SHK07,Tiburón blanco,-30.11717824983915,145.01722336296905,2017
SHK07,Tiburón blanco,-31.144773451985305,145.88288075202627,2017
SHK07,Tiburón blanco,-31.226342864382442,147.20764637755792,2017
SHK07,Tiburón blanco,-30.486676786560643,146.3351785875878,2017
SHK07,Tiburón blanco,-30.31477046953148,146.77377465902327,2017
SHK07,Tiburón blanco,-30.796630179495185,144.3034688535821,2017
SHK07,Tiburón blanco,-30.57796378644625,144.94894390774613,2017
SHK07,Tiburón blanco,-31.50626841994865,146.18666482029306,2017
SHK07,Tiburón blanco,-29.73936866676526,145.62157237827404,2017
SHK07,Tiburón blanco,-30.66881872559993,147.30251574617319,2017
SHK07,Tiburón blanco,-30.736898558710326,148.20198391571836,2017
SHK07,Tiburón blanco,-30.41214209256735,143.83953804238217,2017
SHK07,Tiburón blanco,-30.22431011709436,145.98145918642075,2017
SHK07,Tiburón blanco,-29.68789898411615,146.2734821528079,2017
SHK07,Tiburón blanco,-31.11610772218267,144.3760025652486,2017
SHK07,Tiburón blanco,-31.186674995484918,144.74978034732868,2017
SHK07,Tiburón blanco,-31.558175188003617,146.18887920595859,2017
SHK07,Tiburón blanco,-29.307747233847486,145.99497233136094,2017
SHK07,Tiburón blanco,-32.17353480023408,146.04490346975808,2017
SHK08,Tiburón blanco,31.860368644403167,-133.03422632686772,2013
SHK08,Tiburón blanco,31.209487497993845,-132.40063408775305,2013
SHK08,Tiburón blanco,31.873437662468305,-132.62938207768988,2013
SHK08,Tiburón blanco,31.106893633273984,-133.48637282192033,2013
SHK08,Tiburón blanco,32.71676716890386,-133.42174767368869,2013
SHK08,Tiburón blanco,33.72134966230949,-133.44855070721152,2013
SHK08,Tiburón blanco,32.21907053682797,-132.11632368972383,2013
SHK08,Tiburón blanco,30.576020078143053,-134.8097233335777,2013
SHK08,Tiburón blanco,30.46872949650599,-131.78633041816974,2013
SHK08,Tiburón blanco,31.44252766518364,-130.49071523592866,2013
SHK08,Tiburón blanco,31.430138212418697,-132.8643632183999,2013
SHK08,Tiburón blanco,33.53649576364396,-131.0428216334378,2013
SHK08,Tiburón blanco,34.05588938771248,-131.84054829100378,2013
SHK08,Tiburón blanco,33.018448336887545,-132.45638757239573,2013
SHK08,Tiburón blanco,32.772746887242725,-133.60010023792546,2013
SHK08,Tiburón blanco,31.176186927653777,-133.05228897900787,2013
SHK08,Tiburón blanco,31.824201188551157,-133.50214257092418,2013
SHK08,Tiburón blanco,32.6907732585328,-132.0936093130264,2013
SHK08,Tiburón blanco,32.082792697367935,-131.57138444054166,2013
SHK08,Tiburón blanco,30.85269669694258,-133.24257398087664,2013
SHK08,Tiburón blanco,30.717001257562043,-142.5033451153455,2014
SHK08,Tiburón blanco,32.31313168664688,-141.75078592240743,2014
SHK08,Tiburón blanco,29.775495119075536,-140.527505040628,2014
SHK08,Tiburón blanco,32.02071563893009,-141.7994999034936,2014
SHK08,Tiburón blanco,30.57319784455491,-143.34103684368569,2014
SHK08,Tiburón blanco,30.42747516733369,-141.29284898725803,2014
SHK08,Tiburón blanco,32.684268249339354,-140.83835407869,2014
SHK08,Tiburón blanco,30.31083252161847,-143.50121504025122,2014
SHK08,Tiburón blanco,30.940568190315947,-144.15003697252504,2014
SHK08,Tiburón blanco,31.122849657589523,-142.52920019326086,2014
SHK08,Tiburón blanco,30.3336454415365,-143.976300674229,2014
SHK08,Tiburón blanco,31.313282049974458,-142.91429844662412,2014
SHK08,Tiburón blanco,29.629765107694453,-145.25385982024386,2014
SHK08,Tiburón blanco,30.772167038354105,-140.60934601029246,2014
SHK08,Tiburón blanco,32.46094115795261,-142.83869386354849,2014
SHK08,Tiburón blanco,30.197469883042963,-141.91282335088718,2014
SHK08,Tiburón blanco,29.801296504216452,-142.07980570714273,2014
SHK08,Tiburón blanco,31.565762221789434,-141.1546643830779,2014
SHK08,Tiburón blanco,30.69952786692479,-142.58527135713916,2014
SHK08,Tiburón blanco,29.92169935664818,-143.20847796100207,2014
SHK08,Tiburón blanco,31.335801749802112,-141.34794902356165,2015
SHK08,Tiburón blanco,31.914905692528386,-140.81589367392388,2015
SHK08,Tiburón blanco,30.400849829220427,-141.29198175202913,2015
SHK08,Tiburón blanco,27.99797686329592,-139.66072467652026,2015
SHK08,Tiburón blanco,31.159061020661298,-140.8260976299995,2015
SHK08,Tiburón blanco,30.489207840793735,-140.0288308551772,2015
SHK08,Tiburón blanco,28.85967126668232,-141.0738227502276,2015
SHK08,Tiburón blanco,31.21648180319069,-141.79905949605055,2015
SHK08,Tiburón blanco,30.71577505573549,-141.9013518775047,2015
SHK08,Tiburón blanco,30.88864710600239,-140.58041155517878,2015
SHK08,Tiburón blanco,28.807085307663353,-139.38003071842414,2015
SHK08,Tiburón blanco,29.687625546770814,-141.3550225098957,2015
SHK08,Tiburón blanco,30.622786320799808,-139.39613272345258,2015
SHK08,Tiburón blanco,29.40639530459047,-140.48309022303334,2015
SHK08,Tiburón blanco,30.851033623899436,-139.85166446561817,2015
SHK08,Tiburón blanco,30.59865867884609,-140.91179791196464,2015
SHK08,Tiburón blanco,29.594626902920144,-140.45862618983494,2015
SHK08,Tiburón blanco,29.350078111583258,-143.46612055637593,2015
SHK08,Tiburón blanco,30.85877692772653,-139.6408352317951,2015
SHK08,Tiburón blanco,28.059284688027024,-141.55450077759124,2015
SHK08,Tiburón blanco,31.47493459958627,-130.98529566555194,2016
SHK08,Tiburón blanco,31.27124445080602,-128.88241630517462,2016
SHK08,Tiburón blanco,30.808176712786324,-131.05648473097307,2016
SHK08,Tiburón blanco,30.971397369728827,-131.21062133258152,2016
SHK08,Tiburón blanco,31.576811207905656,-128.63261426585325,2016
SHK08,Tiburón blanco,31.77722016502689,-130.5096462264491,2016
SHK08,Tiburón blanco,31.162329622995316,-131.82048353301946,2016
SHK08,Tiburón blanco,32.33725066905802,-130.3351299213356,2016
SHK08,Tiburón blanco,31.273660978320233,-127.06418515647795,2016
SHK08,Tiburón blanco,31.752893800276546,-131.009083774418,2016
SHK08,Tiburón blanco,31.027783295705316,-129.10884701512606,2016
SHK08,Tiburón blanco,31.567411302448626,-131.69557070264017,2016
SHK08,Tiburón blanco,32.37336982648606,-130.9254368098618,2016
SHK08,Tiburón blanco,33.32743866812841,-129.17724465860817,2016
SHK08,Tiburón blanco,31.00681899625211,-128.9762763625877,2016
SHK08,Tiburón blanco,31.521996402438266,-129.4045190492006,2016
SHK08,Tiburón blanco,31.938873709205335,-131.10364937931368,2016
SHK08,Tiburón blanco,30.8105910595934,-129.22733190674165,2016
SHK08,Tiburón blanco,31.11936555980432,-130.66094118756482,2016
SHK08,Tiburón blanco,30.499018312561507,-129.83369365872935,2016
SHK08,Tiburón blanco,34.91590188065553,-134.18273674017877,2017
SHK08,Tiburón blanco,34.812041032737056,-135.14258549934445,2017
SHK08,Tiburón blanco,33.829288895835894,-135.16665019838655,2017
SHK08,Tiburón blanco,34.704538158978224,-134.60922729991432,2017
SHK08,Tiburón blanco,36.07906847554752,-133.00539365357557,2017
SHK08,Tiburón blanco,35.471315597196345,-135.269160979012,2017
SHK08,Tiburón blanco,35.08606672556011,-135.94812358840488,2017
SHK08,Tiburón blanco,35.23016626744446,-135.8903587057332,2017
SHK08,Tiburón blanco,35.060143400252386,-134.2773597599862,2017
SHK08,Tiburón blanco,33.885139858703134,-134.45507873446513,2017
SHK08,Tiburón blanco,36.208797491322635,-135.71302582258525,2017
SHK08,Tiburón blanco,32.769827524974176,-136.20277928268862,2017
SHK08,Tiburón blanco,36.18867697054388,-135.61782535789305,2017
SHK08,Tiburón blanco,33.89238019168786,-136.0997322168224,2017
SHK08,Tiburón blanco,35.732302450487325,-135.0482237273928,2017
SHK08,Tiburón blanco,34.65275032481308,-135.96178170740887,2017
SHK08,Tiburón blanco,34.49992427493895,-136.51736748009267,2017
SHK08,Tiburón blanco,36.50705811345222,-135.91727776480553,2017
SHK08,Tiburón blanco,36.10884094480827,-134.07364124367174,2017
SHK08,Tiburón blanco,35.889993322130735,-136.02657760831224,2017
SHK09,Tiburón blanco,-30.230818376835778,-39.796618750232966,2013
SHK09,Tiburón blanco,-30.506156307265453,-38.933298643493,2013
SHK09,Tiburón blanco,-29.791733813404043,-39.919818376081736,2013
SHK09,Tiburón blanco,-29.043828644559508,-40.379883005658655,2013
SHK09,Tiburón blanco,-28.740422714630377,-40.595881688577094,2013
SHK09,Tiburón blanco,-28.455819218648408,-41.46695771220132,2013
SHK09,Tiburón blanco,-29.200736936559238,-38.18204903289629,2013
SHK09,Tiburón blanco,-30.327447840711226,-40.79872300247942,2013
SHK09,Tiburón blanco,-28.813208666446737,-39.941396250014975,2013
SHK09,Tiburón blanco,-28.976486416832092,-39.63179090180691,2013
SHK09,Tiburón blanco,-28.69239504754388,-39.011278189998364,2013
SHK09,Tiburón blanco,-28.91729785917714,-40.362235686573115,2013
SHK09,Tiburón blanco,-28.654542814902918,-38.22109609705936,2013
SHK09,Tiburón blanco,-29.459750262488225,-41.09550733662522,2013
SHK09,Tiburón blanco,-28.22003584681868,-40.24135919590816,2013
SHK09,Tiburón blanco,-31.499786062119686,-39.27355635480416,2013
SHK09,Tiburón blanco,-29.862444702059573,-40.21151131425873,2013
SHK09,Tiburón blanco,-28.995136185536637,-39.9304783521755,2013
SHK09,Tiburón blanco,-28.61766469896661,-40.556464402524426,2013
SHK09,Tiburón blanco,-28.81401071792957,-40.38052470953849,2013
SHK09,Tiburón blanco,-29.031204416671077,-35.95815849571429,2014
SHK09,Tiburón blanco,-28.63172915974053,-36.236082813608164,2014
SHK09,Tiburón blanco,-27.72847840122514,-35.20595693509418,2014
SHK09,Tiburón blanco,-28.319231696998333,-37.39345740800752,2014
SHK09,Tiburón blanco,-28.115185320514215,-37.347320394723596,2014
SHK09,Tiburón blanco,-27.295823812684432,-38.66045122032591,2014
SHK09,Tiburón blanco,-29.149448133772836,-38.11194353346849,2014
SHK09,Tiburón blanco,-27.145458122652904,-35.33352723930739,2014
SHK09,Tiburón blanco,-28.200214933163952,-37.21296233507934,2014
SHK09,Tiburón blanco,-28.0257135515133,-35.88226230928112,2014
SHK09,Tiburón blanco,-29.023118848817056,-36.80577162915452,2014
SHK09,Tiburón blanco,-27.120568084844052,-36.54304644194946,2014
SHK09,Tiburón blanco,-27.906184098027737,-36.04309451932215,2014
SHK09,Tiburón blanco,-30.79899800762572,-36.366265292358406,2014
SHK09,Tiburón blanco,-28.749841397753904,-38.87477350874576,2014
SHK09,Tiburón blanco,-27.5845631151015,-35.67048206672635,2014
SHK09,Tiburón blanco,-28.233214229254173,-36.09126606468638,2014
SHK09,Tiburón blanco,-26.483487456637835,-35.729226158305266,2014
SHK09,Tiburón blanco,-26.455801185255087,-36.302013120817435,2014
SHK09,Tiburón blanco,-28.020332075724887,-38.64610642378648,2014
SHK09,Tiburón blanco,-26.334927144011917,-41.4362594009026,2015
SHK09,Tiburón blanco,-28.382665054725244,-40.7088882124298,2015
SHK09,Tiburón blanco,-28.462267415137276,-39.56532254803952,2015
SHK09,Tiburón blanco,-29.128519223244183,-41.06576613323304,2015
SHK09,Tiburón blanco,-29.248340447207777,-42.58039609969097,2015
SHK09,Tiburón blanco,-29.117638952415014,-41.297410385518674,2015
SHK09,Tiburón blanco,-28.93517208602699,-41.95279456834413,2015
SHK09,Tiburón blanco,-29.912187325181563,-41.34347916109897,2015
SHK09,Tiburón blanco,-30.010590235540732,-40.50031762478068,2015
SHK09,Tiburón blanco,-28.423430108575225,-42.717925087935214,2015
SHK09,Tiburón blanco,-28.815078938559594,-42.012529994060856,2015
SHK09,Tiburón blanco,-28.18669535109055,-39.91992314244712,2015
SHK09,Tiburón blanco,-30.381042331155474,-41.145347509322846,2015
SHK09,Tiburón blanco,-28.66600265707637,-40.589033512019796,2015
SHK09,Tiburón blanco,-28.29267323327204,-42.01234292020911,2015
SHK09,Tiburón blanco,-28.824923797176346,-42.05639944527377,2015
SHK09,Tiburón blanco,-27.429862722911132,-41.23906193979832,2015
SHK09,Tiburón blanco,-26.604679175756722,-41.32103440228491,2015
SHK09,Tiburón blanco,-29.214276628420194,-42.774087981083085,2015
SHK09,Tiburón blanco,-30.309009537765675,-42.84450953147575,2015
SHK09,Tiburón blanco,-29.641849478522726,-37.821710158244485,2016
SHK09,Tiburón blanco,-28.54371982817403,-38.56995546033505,2016
SHK09,Tiburón blanco,-26.448438148235166,-37.81990915645508,2016
SHK09,Tiburón blanco,-28.329189424396425,-39.6079406977359,2016
SHK09,Tiburón blanco,-30.212474177819896,-39.435901791563026,2016
SHK09,Tiburón blanco,-28.271789015318287,-39.70392799947177,2016
SHK09,Tiburón blanco,-28.191915743582896,-38.639896589361825,2016
SHK09,Tiburón blanco,-28.28551475829867,-39.36675105314407,2016
SHK09,Tiburón blanco,-27.892004104523863,-38.2748078227512,2016
SHK09,Tiburón blanco,-29.151057853933438,-37.30581609257433,2016
SHK09,Tiburón blanco,-28.159246908774854,-38.69789884937575,2016
SHK09,Tiburón blanco,-27.352444353234034,-38.4835323410571,2016
SHK09,Tiburón blanco,-27.107522142577345,-38.429624307118786,2016
SHK09,Tiburón blanco,-28.67309615113103,-38.3552449471145,2016
SHK09,Tiburón blanco,-29.204384983811252,-38.60818876654409,2016
SHK09,Tiburón blanco,-28.093888767135052,-38.92486532959316,2016
SHK09,Tiburón blanco,-28.189196287929523,-40.598597517818234,2016
SHK09,Tiburón blanco,-28.609383684231553,-38.62390357117948,2016
SHK09,Tiburón blanco,-27.90080238449319,-39.74442361324657,2016
SHK09,Tiburón blanco,-26.79495093562589,-39.58292332053509,2016
SHK09,Tiburón blanco,-27.0911240854565,-34.80546577035267,2017
SHK09,Tiburón blanco,-27.638533607369176,-35.66162248935217,2017
SHK09,Tiburón blanco,-25.444314457569718,-37.25139687203881,2017
SHK09,Tiburón blanco,-25.052431475548367,-36.830823177561115,2017
SHK09,Tiburón blanco,-26.15620314633284,-36.32045482419096,2017
SHK09,Tiburón blanco,-26.579205517083246,-35.769968389802386,2017
SHK09,Tiburón blanco,-25.651408055060486,-38.32930863620035,2017
SHK09,Tiburón blanco,-25.140556532734546,-38.24326865099786,2017
SHK09,Tiburón blanco,-25.41235057127104,-35.45407152613461,2017
SHK09,Tiburón blanco,-27.535863205827894,-36.99159095091676,2017
SHK09,Tiburón blanco,-27.550601444098632,-36.79569769325093,2017
SHK09,Tiburón blanco,-26.75293105979844,-35.80111613069283,2017
SHK09,Tiburón blanco,-25.134588029493088,-35.18509285217223,2017
SHK09,Tiburón blanco,-27.007064802191,-36.78999853670672,2017
SHK09,Tiburón blanco,-28.12833496783365,-37.38664672945836,2017
SHK09,Tiburón blanco,-25.48004514251524,-34.965193839413956,2017
SHK09,Tiburón blanco,-27.67924564749262,-37.17324092211507,2017
SHK09,Tiburón blanco,-26.471302532571624,-36.30061550414257,2017
SHK09,Tiburón blanco,-27.254500295534342,-36.15671561849808,2017
SHK09,Tiburón blanco,-26.918736122683615,-36.595228933840474,2017
SHK10,Tiburón blanco,15.474087856146264,119.92250154512885,2013
SHK10,Tiburón blanco,15.822110787467498,119.66210031917257,2013
SHK10,Tiburón blanco,15.651677684005731,121.63075851955944,2013
SHK10,Tiburón blanco,16.471393194614073,119.73663103102552,2013
SHK10,Tiburón blanco,16.60742815118357,119.6982918592987,2013
SHK10,Tiburón blanco,17.083598384259474,120.40175354125279,2013
SHK10,Tiburón blanco,15.803171602668604,120.47982827486499,2013
SHK10,Tiburón blanco,14.339597594604335,118.90534388014487,2013
SHK10,Tiburón blanco,14.716548740273778,120.1750544438184,2013
SHK10,Tiburón blanco,17.642988746157926,122.26341149524734,2013
SHK10,Tiburón blanco,16.54852484811359,120.53295582399915,2013
SHK10,Tiburón blanco,14.109416012520095,119.48943754932066,2013
SHK10,Tiburón blanco,15.122689994764595,119.41126375080358,2013
SHK10,Tiburón blanco,15.742329928088044,119.56002077135759,2013
SHK10,Tiburón blanco,13.931173936297046,120.78002160517224,2013
SHK10,Tiburón blanco,14.837730720933028,120.27135821316585,2013
SHK10,Tiburón blanco,17.984556416422805,119.1127267574683,2013
SHK10,Tiburón blanco,13.380186223926504,119.74610712717458,2013
SHK10,Tiburón blanco,17.011433381671406,121.99045880327526,2013
SHK10,Tiburón blanco,14.680924152220417,120.5288105722912,2013
SHK10,Tiburón blanco,17.779299665723112,117.99939924913883,2014
SHK10,Tiburón blanco,15.388695980200652,119.97006274929947,2014
SHK10,Tiburón blanco,16.220742643645423,119.60035273100493,2014
SHK10,Tiburón blanco,15.443006858210179,119.11072101011223,2014
SHK10,Tiburón blanco,15.404083259951184,119.1591773020366,2014
SHK10,Tiburón blanco,15.756528208562129,119.13275924149036,2014
SHK10,Tiburón blanco,15.512056712608263,119.47310676384905,2014
SHK10,Tiburón blanco,16.261006569478244,119.45097585394552,2014
SHK10,Tiburón blanco,13.361923850499196,120.764291078248,2014
SHK10,Tiburón blanco,14.229224017843459,118.84860323888518,2014
SHK10,Tiburón blanco,14.539295024662586,120.8768076707048,2014
SHK10,Tiburón blanco,12.999282104727381,122.640118111194,2014
SHK10,Tiburón blanco,16.19101312777213,119.72560849166314,2014
SHK10,Tiburón blanco,15.08006231808979,119.78792365239167,2014
SHK10,Tiburón blanco,15.656078747085417,120.14758516348405,2014
SHK10,Tiburón blanco,15.690560784709525,119.59195025878927,2014
SHK10,Tiburón blanco,14.93761789839875,119.35109629388052,2014
SHK10,Tiburón blanco,14.940048038353396,120.63613967440108,2014
SHK10,Tiburón blanco,15.72851304098694,116.56198094286975,2014
SHK10,Tiburón blanco,15.790857095235838,119.69710577225277,2014
SHK10,Tiburón blanco,16.22788777794893,118.50730377421246,2015
SHK10,Tiburón blanco,14.330897390139306,117.96682959921412,2015
SHK10,Tiburón blanco,14.13211832342163,116.18015914730063,2015
SHK10,Tiburón blanco,14.47705783337295,118.42217078447231,2015
SHK10,Tiburón blanco,16.056900103339,118.07286273218688,2015
SHK10,Tiburón blanco,15.828870844810913,118.07595559920452,2015
SHK10,Tiburón blanco,14.462293462739963,117.99169985676349,2015
SHK10,Tiburón blanco,15.904184583190597,118.31406864190313,2015
SHK10,Tiburón blanco,16.292688429437558,118.26808115929066,2015
SHK10,Tiburón blanco,15.455223265504499,118.62992755040602,2015
SHK10,Tiburón blanco,15.077253798713855,116.67790266086183,2015
SHK10,Tiburón blanco,14.94070809401915,116.8148746672831,2015
SHK10,Tiburón blanco,14.428596782988533,117.41525864137407,2015
SHK10,Tiburón blanco,14.311355136962954,117.25181578245054,2015
SHK10,Tiburón blanco,13.21016039100913,117.77307101946252,2015
SHK10,Tiburón blanco,15.10498053332514,116.74268868102138,2015
SHK10,Tiburón blanco,15.76302072639532,118.49734744971613,2015
SHK10,Tiburón blanco,13.49621519359394,116.79705253352336,2015
SHK10,Tiburón blanco,14.334632708175617,116.6198742109807,2015
SHK10,Tiburón blanco,15.933249899894664,117.36595117331677,2015
SHK10,Tiburón blanco,15.298335019321124,106.30120709520236,2016
SHK10,Tiburón blanco,14.722849619378225,107.81784242801399,2016
SHK10,Tiburón blanco,16.02357558495055,106.2316450909367,2016
SHK10,Tiburón blanco,11.643404833291072,107.72431503480948,2016
SHK10,Tiburón blanco,16.463428170622752,108.77941184299527,2016
SHK10,Tiburón blanco,14.872576404386523,107.04882930442375,2016
SHK10,Tiburón blanco,15.470039585749207,106.56691929035134,2016
SHK10,Tiburón blanco,15.139274758468117,108.04593564922243,2016
SHK10,Tiburón blanco,15.723126896610777,110.30012552896687,2016
SHK10,Tiburón blanco,15.055332956290664,107.03150186434834,2016
SHK10,Tiburón blanco,14.637342676919904,105.77138958516667,2016
SHK10,Tiburón blanco,13.96820385802284,107.13118305194268,2016
SHK10,Tiburón blanco,14.138828591177305,107.69282036208955,2016
SHK10,Tiburón blanco,13.840497056729697,108.66149615738027,2016
SHK10,Tiburón blanco,14.663124054030094,107.5311651689172,2016
SHK10,Tiburón blanco,14.33502227259898,107.69565617391481,2016
SHK10,Tiburón blanco,15.488015253779531,106.67333527434494,2016
SHK10,Tiburón blanco,14.004800500036641,107.23673946127917,2016
SHK10,Tiburón blanco,13.317046065638682,106.72120763033433,2016
SHK10,Tiburón blanco,14.186696115567239,108.41485467076853,2016
SHK10,Tiburón blanco,15.951417166283077,108.37104325849413,2017
SHK10,Tiburón blanco,15.490984054043995,108.40519329396102,2017
SHK10,Tiburón blanco,15.365881553514734,107.92565638928193,2017
SHK10,Tiburón blanco,12.661702045838677,108.37413588470724,2017
SHK10,Tiburón blanco,16.523267340215046,109.43463044913511,2017
SHK10,Tiburón blanco,16.065916688706277,109.74454576869977,2017
SHK10,Tiburón blanco,15.189176795076543,108.70573075429911,2017
SHK10,Tiburón blanco,14.482867308680756,108.1923421908665,2017
SHK10,Tiburón blanco,15.716290353886247,109.71229948406233,2017
SHK10,Tiburón blanco,14.961072928434106,108.05822578204209,2017
SHK10,Tiburón blanco,15.101047162971703,109.10962179582265,2017
SHK10,Tiburón blanco,13.656664387981564,106.21223409375631,2017
SHK10,Tiburón blanco,14.549982354623522,107.28770262097936,2017
SHK10,Tiburón blanco,14.592379006467795,108.36063472807609,2017
SHK10,Tiburón blanco,14.647270795092092,109.96088258136427,2017
SHK10,Tiburón blanco,15.427263968717426,108.80888940650436,2017
SHK10,Tiburón blanco,15.722726348158508,107.36958192911277,2017
SHK10,Tiburón blanco,16.139630991535373,108.43265076035806,2017
SHK10,Tiburón blanco,15.770999821356318,107.43655781385337,2017
SHK10,Tiburón blanco,13.54676043809904,109.32630470491858,2017
